Date,US,Norway,Australia,China,India,Indonesia,Japan,Korea,Newzealand,Taiwan,Thailand,Finland,France,Germany,Netherland,Spain,Sweden,Brazil,Canada,Mexico
2020-01-01,28538.44,1032.23999,6802.4,10430.769531,41306.02,6299.539063,23656.619141,2197.669922,11491.9,11997.139648,1579.84,32.97,5978.060059,13249.009766,604.58,9549.200195,680.81,115964.0,17063.40039,43541.019531
2020-01-02,28868.8,1043.300049,6810.0,10638.820313,41626.64,6283.581055,23656.619141,2175.169922,11532.74,12100.480469,1595.82,34.47,6041.5,13385.929688,612.87,9691.200195,693.56,118573.0,17100.0,44437.230469
2020-01-03,28634.88,1047.329956,6855.2,10656.410156,41464.61,6323.46582,23656.619141,2176.459961,11593.14,12110.429688,1595.82,32.97,6044.160156,13219.139648,611.06,9646.599609,686.6,117707.0,17066.09961,44624.851563
2020-01-04,28634.88,1047.329956,6855.2,10656.410156,41464.61,6323.46582,23656.619141,2176.459961,11593.14,12110.429688,1595.82,32.97,6044.160156,13219.139648,611.06,9646.599609,686.6,117707.0,17066.09961,44624.851563
2020-01-05,28634.88,1047.329956,6855.2,10656.410156,41464.61,6323.46582,23656.619141,2176.459961,11541.57,12110.429688,1594.97,32.97,6044.160156,13219.139648,611.06,9646.599609,686.6,117707.0,17066.09961,44624.851563
2020-01-06,28703.38,1047.160034,6857.4,10698.269531,40676.63,6257.402832,23204.859375,2155.070068,11627.32,11953.360352,1568.5,31.97,6013.589844,13126.990234,607.24,9600.900391,686.6,116878.0,17105.5,44495.300781
2020-01-07,28583.68,1043.780029,6943.6,10829.049805,40869.47,6279.346191,23575.720703,2175.540039,11629.86,11880.320313,1585.23,32.93,6012.350098,13226.830078,609.71,9579.799805,689.23,116662.0,17168.09961,44157.808594
2020-01-08,28745.09,1045.310059,6930.1,10706.870117,40817.74,6225.686035,23204.759766,2151.310059,11556.98,11817.099609,1559.27,32.11,6031.0,13320.179688,610.48,9591.400391,688.86,116247.0,17167.80078,44470.910156
2020-01-09,28956.9,1043.859985,6991.4,10898.169922,41452.35,6274.493164,23739.869141,2186.449951,11537.68,11970.629883,1579.64,32.93,6042.549805,13495.05957,612.55,9581.799805,691.76,115947.0,17235.59961,44572.171875
2020-01-10,28823.77,1046.109985,7041.9,10879.839844,41599.72,6274.940918,23850.570313,2206.389893,11551.7,12024.650391,1580.63,33.65,6037.109863,13483.3,610.43,9573.599609,689.72,115503.0,17234.5,44660.328125
2020-01-11,28823.77,1046.109985,7041.9,10879.839844,41599.72,6274.940918,23850.570313,2206.389893,11551.7,12024.650391,1580.63,33.65,6037.109863,13483.3,610.43,9573.599609,689.72,115503.0,17234.5,44660.328125
2020-01-12,28823.77,1046.109985,7041.9,10879.839844,41599.72,6274.940918,23850.570313,2206.389893,11552.91,12024.650391,1580.63,33.65,6037.109863,13483.3,610.43,9573.599609,689.72,115503.0,17234.5,44660.328125
2020-01-13,28907.05,1047.23999,7020.2,11040.200195,41859.69,6296.566895,23850.570313,2229.26001,11543.67,12113.419922,1586.16,35.06,6036.140137,13451.519531,608.9,9543.900391,692.0,117325.0,17293.40039,44847.46875
2020-01-14,28939.67,1044.069946,7078.0,10988.769531,41952.63,6325.405762,24025.169922,2238.879883,11625.13,12179.80957,1586.9,33.88,6040.890137,13456.490234,611.15,9528.299805,692.19,117632.0,17352.90039,44773.238281
2020-01-15,29030.22,1041.01001,7113.5,10972.320313,41872.73,6283.365234,23916.580078,2230.97998,11676.67,12091.879883,1581.05,34.11,6032.609863,13432.299805,611.56,9511.700195,690.37,116414.0,17415.19922,44453.328125
2020-01-16,29297.64,1042.949951,7158.6,10967.44043,41932.56,6286.047852,23933.130859,2248.050049,11737.86,12066.929688,1595.87,34.47,6039.029785,13429.429688,612.06,9572.5,699.67,116704.0,17484.80078,45303.078125
2020-01-17,29348.1,1053.51001,7180.3,10954.389648,41945.37,6291.657227,24041.259766,2250.570068,11800.21,12090.290039,1600.48,34.65,6100.720215,13526.129883,615.57,9681.299805,704.96,118478.0,17559.0,45817.761719
2020-01-18,29348.1,1053.51001,7180.3,10954.389648,41945.37,6291.657227,24041.259766,2250.570068,11800.21,12090.290039,1600.48,34.65,6100.720215,13526.129883,615.57,9681.299805,704.96,118478.0,17559.0,45817.761719
2020-01-19,29348.1,1053.51001,7180.3,10954.389648,41945.37,6291.657227,24041.259766,2250.570068,11787.88,12090.290039,1600.48,34.65,6100.720215,13526.129883,615.57,9681.299805,704.96,118478.0,17559.0,45817.761719
2020-01-20,29348.1,1053.390015,7196.3,11115.879883,41528.91,6245.042969,24083.509766,2262.639893,11746.95,12118.709961,1589.11,34.69,6078.540039,13548.94043,614.23,9658.799805,705.08,118862.0,17597.40039,45902.679688
2020-01-21,29196.04,1046.939941,7180.5,10953.410156,41323.81,6238.152832,23864.560547,2239.689941,11805.14,12118.709961,1574.94,34.56,6045.990234,13555.870117,611.89,9611.299805,704.42,117026.0,17572.30078,45637.320313
2020-01-22,29186.27,1050.099976,7249.0,11072.05957,41115.38,6233.453125,24031.349609,2267.25,11889.68,12118.709961,1574.59,34.47,6010.97998,13515.75,611.56,9573.700195,701.05,118391.0,17599.90039,45604.441406
2020-01-23,29160.09,1035.069946,7199.0,10681.900391,41386.4,6249.209961,23795.439453,2246.129883,11901.11,12118.709961,1573.7,32.56,5971.790039,13388.419922,605.62,9518.5,693.2,119528.0,17621.80078,45476.429688
2020-01-24,28989.73,1044.369995,7203.2,10681.900391,41613.19,6244.108887,23827.179688,2246.129883,11877.81,12118.709961,1569.55,30.75,6024.259766,13576.679688,614.24,9562.0,700.45,118376.0,17565.30078,45141.621094
2020-01-25,28989.73,1044.369995,7203.2,10681.900391,41613.19,6244.108887,23827.179688,2246.129883,11877.81,12118.709961,1569.55,30.75,6024.259766,13576.679688,614.24,9562.0,700.45,118376.0,17565.30078,45141.621094
2020-01-26,28989.73,1044.369995,7203.2,10681.900391,41613.19,6244.108887,23827.179688,2246.129883,11812.29,12118.709961,1569.55,30.75,6024.259766,13576.679688,614.24,9562.0,700.45,118376.0,17565.30078,45141.621094
2020-01-27,28535.8,1023.080017,7203.2,10681.900391,41155.12,6133.208008,23343.509766,2246.129883,11807.14,12118.709961,1524.15,29.25,5863.02002,13204.769531,598.69,9366.299805,685.48,114482.0,17442.5,44134.390625
2020-01-28,28722.85,1027.420044,7098.4,10681.900391,40966.86,6111.184082,23215.710938,2176.719971,11685.11,12118.709961,1513.26,29.25,5925.819824,13323.69043,602.96,9484.200195,690.29,116479.0,17500.90039,44717.941406
2020-01-29,28734.45,1026.390015,7135.9,10681.900391,41198.66,6113.044922,23379.400391,2185.280029,11676.51,12118.709961,1524.59,30.39,5954.890137,13345.0,605.22,9546.700195,693.57,115385.0,17511.80078,45132.601563
2020-01-30,28859.44,1016.669983,7108.6,10681.900391,40913.82,6057.596191,22977.75,2148.0,11665.65,11421.740234,1523.99,29.43,5871.77002,13157.120117,598.95,9477.900391,690.67,115528.0,17490.59961,44862.761719
2020-01-31,28256.03,1011.659973,7121.2,10681.900391,40723.49,5940.047852,23205.179688,2119.01001,11717.44,11495.099609,1514.14,30.02,5806.339844,12981.969727,589.5,9367.900391,689.06,113761.0,17318.5,44108.308594
2020-02-01,28256.03,1011.659973,7121.2,10681.900391,39735.53,5940.047852,23205.179688,2119.01001,11717.44,11495.099609,1514.14,30.02,5806.339844,12981.969727,589.5,9367.900391,689.06,113761.0,17318.5,44108.308594
2020-02-02,28256.03,1011.659973,7121.2,10681.900391,39735.53,5940.047852,23205.179688,2119.01001,11477.2,11495.099609,1514.14,30.02,5806.339844,12981.969727,589.5,9367.900391,689.06,113761.0,17318.5,44108.308594
2020-02-03,28399.81,1011.400024,7019.9,9779.669922,39872.31,5884.169922,22971.939453,2118.879883,11550.16,11354.919922,1496.06,29.66,5832.509766,13045.19043,592.36,9404.700195,688.72,114629.0,17379.80078,44108.308594
2020-02-04,28807.63,1014.859985,7047.6,10089.669922,40789.38,5922.338867,23084.589844,2157.899902,11511.49,11555.919922,1519.38,31.7,5935.049805,13281.740234,605.4,9562.900391,703.46,115557.0,17512.69922,45047.070313
2020-02-05,29290.85,1030.949951,7080.9,10305.5,41142.66,5978.509766,23319.560547,2165.629883,11604.08,11573.620117,1534.14,32.43,5985.399902,13478.330078,613.41,9717.799805,712.27,116028.0,17651.59961,44782.859375
2020-02-06,29379.77,1032.959961,7148.7,10601.339844,41306.03,5987.14502,23873.589844,2227.939941,11735.68,11749.679688,1535.79,32.56,6038.180176,13574.820313,618.75,9811.299805,711.14,115190.0,17757.5,44493.148438
2020-02-07,29102.51,1013.669983,7121.4,10611.549805,41141.85,5999.606934,23827.980469,2211.949951,11760.88,11612.80957,1535.24,32.43,6029.75,13513.80957,616.46,9811.0,708.6,113770.0,17655.5,44399.328125
2020-02-08,29102.51,1013.669983,7121.4,10611.549805,41141.85,5999.606934,23827.980469,2211.949951,11760.88,11612.80957,1535.24,32.43,6029.75,13513.80957,616.46,9811.0,708.6,113770.0,17655.5,44399.328125
2020-02-09,29102.51,1013.669983,7121.4,10611.549805,41141.85,5999.606934,23827.980469,2211.949951,11696.09,11612.80957,1535.24,32.43,6029.75,13513.80957,616.46,9811.0,708.6,113770.0,17655.5,44399.328125
2020-02-10,29276.82,1002.309998,7108.0,10728.459961,40979.62,5952.083008,23685.980469,2201.070068,11702.59,11574.070313,1535.24,32.34,6015.669922,13494.030273,617.1,9816.0,711.51,112570.0,17740.59961,44290.53125
2020-02-11,29276.34,1017.380005,7151.4,10768.629883,41216.14,5954.396973,23685.980469,2223.120117,11834.54,11664.040039,1523.93,32.38,6054.759766,13627.839844,623.85,9882.599609,718.32,115371.0,17777.09961,45027.410156
2020-02-12,29551.42,1023.76001,7185.3,10940.799805,41565.9,5913.081055,23861.210938,2238.379883,11898.24,11774.19043,1539.84,33.02,6104.72998,13749.780273,629.03,9940.400391,721.15,116674.0,17832.90039,45338.371094
2020-02-13,29423.31,1017.98999,7204.6,10864.320313,41459.79,5871.954102,23827.730469,2232.959961,11880.84,11791.780273,1532.77,32.47,6093.140137,13745.429688,629.14,9909.799805,721.84,115662.0,17821.19922,45005.121094
2020-02-14,29398.08,1020.419983,7227.1,10916.30957,41257.74,5866.944824,23687.589844,2243.590088,11834.83,11815.700195,1526.3,32.61,6069.350098,13744.209961,629.23,9956.799805,724.22,114381.0,17848.40039,44999.679688
2020-02-15,29398.08,1020.419983,7227.1,10916.30957,41257.74,5866.944824,23687.589844,2243.590088,11834.83,11815.700195,1526.3,32.61,6069.350098,13744.209961,629.23,9956.799805,724.22,114381.0,17848.40039,44999.679688
2020-02-16,29398.08,1020.419983,7227.1,10916.30957,41257.74,5866.944824,23687.589844,2243.590088,11820.37,11815.700195,1526.3,32.61,6069.350098,13744.209961,629.23,9956.799805,724.22,114381.0,17848.40039,44999.679688
2020-02-17,29398.08,1019.47998,7221.2,11241.5,41055.69,5867.522949,23523.240234,2242.169922,11873.98,11763.509766,1527.25,32.93,6085.950195,13783.889648,629.17,10022.200195,725.93,115309.0,17848.40039,45016.960938
2020-02-18,29232.19,1017.890015,7208.3,11306.490234,40894.38,5886.961914,23193.800781,2208.879883,11935.84,11648.980469,1513.68,32.65,6056.819824,13681.19043,625.43,10005.799805,724.08,114977.0,17858.30078,44974.109375
2020-02-19,29348.03,1026.359985,7237.4,11235.599609,41323.0,5928.791016,23400.699219,2210.340088,11981.03,11758.839844,1505.54,32.61,6111.240234,13789.0,629.2,10083.599609,732.67,116518.0,17925.40039,44901.5
2020-02-20,29219.98,1033.189941,7255.2,11509.089844,41170.12,5942.486816,23479.150391,2195.5,12064.86,11725.089844,1491.24,32.29,6062.299805,13664.0,622.12,9931.0,732.16,114586.0,17944.09961,44774.539063
2020-02-21,28992.41,1026.199951,7230.4,11629.700195,41170.12,5882.254883,23386.740234,2162.840088,12073.34,11686.349609,1495.09,31.57,6029.720215,13579.330078,617.33,9886.200195,725.62,113681.0,17843.5,44802.539063
2020-02-22,28992.41,1026.199951,7230.4,11629.700195,41170.12,5882.254883,23386.740234,2162.840088,12073.34,11686.349609,1495.09,31.57,6029.720215,13579.330078,617.33,9886.200195,725.62,113681.0,17843.5,44802.539063
2020-02-23,28992.41,1026.199951,7230.4,11629.700195,41170.12,5882.254883,23386.740234,2162.840088,12001.74,11686.349609,1495.09,31.57,6029.720215,13579.330078,617.33,9886.200195,725.62,113681.0,17843.5,44802.539063
2020-02-24,27960.8,982.679993,7065.4,11772.379883,40363.23,5807.049805,23386.740234,2079.040039,11857.12,11534.870117,1435.56,29.57,5791.870117,13035.240234,593.3,9483.5,694.81,113681.0,17562.69922,43818.070313
2020-02-25,27081.36,980.570007,6953.8,11856.080078,40281.2,5787.138184,22605.410156,2103.610107,11719.23,11540.230469,1439.1,29.93,5679.680176,12790.490234,582.71,9250.799805,683.27,113681.0,17177.40039,43045.679688
2020-02-26,26957.59,972.47998,6790.7,11497.549805,39888.96,5688.920898,22426.189453,2076.77002,11533.86,11433.620117,1366.41,28.12,5684.549805,12774.879883,581.78,9316.799805,687.01,113681.0,17041.90039,42737.28125
2020-02-27,25766.64,926.090027,6737.4,11534.019531,39745.66,5535.693848,21948.230469,2054.889893,11437.17,11292.169922,1395.08,25.31,5495.600098,12367.459961,559.98,8985.900391,661.57,102984.0,16717.40039,41607.421875
2020-02-28,25409.36,912.789978,6511.5,10980.769531,38297.29,5452.704102,21142.960938,1987.01001,11261.16,11292.169922,1340.52,25.08,5309.899902,11890.349609,539.38,8723.200195,640.58,104172.0,16263.09961,41324.308594
2020-02-29,25409.36,912.789978,6511.5,10980.769531,38297.29,5452.704102,21142.960938,1987.01001,11261.16,11292.169922,1340.52,25.08,5309.899902,11890.349609,539.38,8723.200195,640.58,104172.0,16263.09961,41324.308594
2020-03-01,25409.36,912.789978,6511.5,10980.769531,38297.29,5452.704102,21142.960938,1987.01001,10895.1,11292.169922,1340.52,25.08,5309.899902,11890.349609,539.38,8723.200195,640.58,104172.0,16263.09961,41324.308594
2020-03-02,26703.32,919.030029,6461.1,11381.759766,38144.02,5361.246094,21344.080078,2002.51001,11103.43,11170.459961,1335.72,25.31,5333.52002,11857.870117,542.17,8741.5,643.62,106625.0,16553.30078,42167.238281
2020-03-03,25917.41,947.25,6511.6,11484.209961,38623.7,5518.62793,21082.730469,2014.150024,11346.31,11327.719727,1375.02,28.71,5393.169922,11985.389648,550.22,8811.599609,653.85,105537.0,16423.59961,42472.25
2020-03-04,27090.86,947.109985,6398.5,11493.019531,38409.48,5650.13623,21100.060547,2059.330078,11417.78,11392.349609,1378.61,27.44,5464.890137,12127.69043,557.73,8910.0,657.52,107224.0,16779.5,43404.761719
2020-03-05,26121.28,926.390015,6472.4,11711.370117,38470.61,5638.129883,21329.119141,2085.26001,11640.89,11514.820313,1390.83,26.3,5361.100098,11944.719727,552.54,8683.0,650.47,102233.0,16554.0,42344.859375
2020-03-06,25864.78,884.869995,6287.5,11582.820313,37576.62,5498.540039,20749.75,2040.219971,11425.9,11321.80957,1364.57,24.94,5139.109863,11541.870117,531.29,8375.599609,629.23,97997.0,16175.0,41388.78125
2020-03-07,25864.78,884.869995,6287.5,11582.820313,37576.62,5498.540039,20749.75,2040.219971,11425.9,11321.80957,1364.57,24.94,5139.109863,11541.870117,531.29,8375.599609,629.23,97997.0,16175.0,41388.78125
2020-03-08,25864.78,884.869995,6287.5,11582.820313,37576.62,5498.540039,20749.75,2040.219971,11293.91,11321.80957,1364.57,24.94,5139.109863,11541.870117,531.29,8375.599609,629.23,97997.0,16175.0,41388.78125
2020-03-09,23851.02,802.01001,5822.4,11108.549805,35634.95,5136.809082,19698.759766,1954.77002,11091.81,10977.639648,1255.94,23.18,4707.910156,10625.019531,490.66,7708.700195,594.75,86067.0,14514.2002,38730.558594
2020-03-10,25018.16,803.72998,5995.8,11403.469727,35634.95,5220.826172,19867.119141,1962.930054,10897.47,11003.540039,1271.25,23.99,4636.609863,10475.490234,484.7,7461.5,589.7,92214.0,14958.09961,39565.441406
2020-03-11,23553.22,775.299988,5789.3,11200.049805,35697.4,5154.10498,19416.060547,1908.27002,10873.6,10893.75,1249.89,22.04,4610.25,10438.679688,484.16,7436.399902,577.91,85171.0,14270.09961,38678.550781
2020-03-12,21200.62,705.01001,5370.9,10941.009766,32778.14,4895.748047,18559.630859,1834.329956,10333.27,10422.320313,1114.91,19.18,4044.26001,9161.129883,432.1,6390.899902,513.56,72583.0,12508.5,36636.699219
2020-03-13,23185.62,730.98999,5590.7,10831.129883,34103.48,4907.570801,17431.050781,1771.439941,9826.86,10128.870117,1128.91,19.73,4118.359863,9232.080078,432.85,6629.600098,521.32,82678.0,13716.29981,38085.050781
2020-03-14,23185.62,730.98999,5590.7,10831.129883,34103.48,4907.570801,17431.050781,1771.439941,9826.86,10128.870117,1128.91,19.73,4118.359863,9232.080078,432.85,6629.600098,521.32,82678.0,13716.29981,38085.050781
2020-03-15,23185.62,730.98999,5590.7,10831.129883,34103.48,4907.570801,17431.050781,1771.439941,9620.05,10128.870117,1128.91,19.73,4118.359863,9232.080078,432.85,6629.600098,521.32,82678.0,13716.29981,38085.050781
2020-03-16,20188.52,691.049988,5058.2,10253.280273,31390.07,4690.657227,17002.039063,1714.859985,9476.94,9717.769531,1046.08,19.18,3881.459961,8742.25,416.77,6107.200195,496.69,71168.0,12360.40039,38085.050781
2020-03-17,21237.38,699.059998,5332.8,10202.75,30579.09,4456.749023,17011.529297,1672.439941,9434.74,9439.629883,1035.17,18.73,3991.780029,8939.099609,424.26,6498.5,505.7,74617.0,12685.2002,36862.839844
2020-03-18,19898.92,687.039978,4998.8,10029.570313,28869.51,4330.673828,16726.550781,1591.199951,9454.89,9218.669922,1048.15,18.01,3754.840088,8441.709961,404.1,6274.799805,489.07,66895.0,11721.40039,35532.738281
2020-03-19,20087.19,718.780029,4809.4,10019.860352,28288.23,4105.421875,16552.830078,1457.640015,9114.53,8681.339844,1044.19,19.64,3855.5,8610.429688,422.75,6395.799805,505.54,68332.0,12170.5,35143.628906
2020-03-20,19173.98,725.059998,4854.3,10150.129883,29915.96,4194.943848,16552.830078,1566.150024,9201.64,9234.089844,1127.24,21.23,4048.800049,8928.950195,431.98,6443.299805,505.08,67069.0,11851.79981,34269.511719
2020-03-21,19173.98,725.059998,4854.3,10150.129883,29915.96,4194.943848,16552.830078,1566.150024,9201.64,9234.089844,1127.24,21.23,4048.800049,8928.950195,431.98,6443.299805,505.08,67069.0,11851.79981,34269.511719
2020-03-22,19173.98,725.059998,4854.3,10150.129883,29915.96,4194.943848,16552.830078,1566.150024,8635.22,9234.089844,1127.24,21.23,4048.800049,8928.950195,431.98,6443.299805,505.08,67069.0,11851.79981,34269.511719
2020-03-23,18591.93,688.780029,4564.1,9691.530273,25981.24,3989.51709,16887.779297,1482.459961,8498.7,8890.030273,1024.46,19.05,3914.310059,8741.150391,423.72,6230.200195,478.95,63570.0,11228.5,32964.21875
2020-03-24,20704.91,730.219971,4753.3,9921.679688,26674.03,3937.63208,18092.349609,1609.969971,9109.15,9285.620117,1033.84,21.13,4242.700195,9700.570313,461.73,6717.299805,513.75,69729.0,12571.09961,34371.53125
2020-03-25,21200.55,745.799988,5006.2,10241.080078,28535.78,3937.63208,19546.630859,1704.76001,9264.38,9644.75,1080.03,21.91,4432.299805,9874.259766,475.4,6942.399902,535.84,74956.0,13139.2002,35536.699219
2020-03-26,22552.17,754.809998,5135.2,10155.360352,29946.77,4338.903809,18664.599609,1686.23999,9632.47,9736.360352,1091.96,21.81,4543.580078,10000.959961,482.99,7033.200195,546.41,77710.0,13371.2002,35706.570313
2020-03-27,21636.78,727.880005,4874.2,10109.910156,29815.59,4545.570801,19389.429688,1717.72998,9556.73,9698.919922,1099.76,21.59,4351.490234,9632.51,464.93,6777.899902,529.96,73429.0,12687.7002,33799.488281
2020-03-28,21636.78,727.880005,4874.2,10109.910156,29815.59,4545.570801,19389.429688,1717.72998,9556.73,9698.919922,1099.76,21.59,4351.490234,9632.51,464.93,6777.899902,529.96,73429.0,12687.7002,33799.488281
2020-03-29,21636.78,727.880005,4874.2,10109.910156,29815.59,4545.570801,19389.429688,1717.72998,9410.85,9698.919922,1099.76,21.59,4351.490234,9632.51,464.93,6777.899902,529.96,73429.0,12687.7002,33799.488281
2020-03-30,22327.48,749.960022,5194.0,9904.950195,28440.32,4414.5,19084.970703,1717.119995,9661.19,9629.429688,1087.82,22.13,4378.509766,9815.969727,475.98,6659.899902,540.78,74640.0,13038.5,34199.96875
2020-03-31,21917.16,778.309998,5110.6,9962.299805,29468.49,4538.930176,18917.009766,1754.640015,9796.75,9708.05957,1125.86,22.68,4396.120117,9935.839844,483.44,6785.399902,555.6,73020.0,13378.79981,34554.53125
2020-04-01,20943.51,791.309998,5290.7,9951.839844,28265.31,4466.037109,18065.410156,1685.459961,9926.08,9663.629883,1105.51,21.71,4207.240234,9544.75,471.3,6579.399902,536.67,70967.0,12876.40039,33691.878906
2020-04-02,21413.44,788.710022,5188.7,10179.200195,28265.31,4531.685059,17818.720703,1724.859985,9870.56,9663.629883,1138.27,21.35,4220.959961,9570.820313,478.28,6574.100098,536.48,72253.0,13097.79981,33590.621094
2020-04-03,21052.53,788.109985,5106.9,10110.110352,27590.95,4623.429199,17820.189453,1725.439941,9935.18,9663.629883,1138.84,20.86,4154.580078,9525.769531,471.46,6581.600098,531.75,69538.0,12938.29981,33075.410156
2020-04-04,21052.53,788.109985,5106.9,10110.110352,27590.95,4623.429199,17820.189453,1725.439941,9935.18,9663.629883,1138.84,20.86,4154.580078,9525.769531,471.46,6581.600098,531.75,69538.0,12938.29981,33075.410156
2020-04-05,21052.53,788.109985,5106.9,10110.110352,27590.95,4623.429199,17820.189453,1725.439941,9935.18,9663.629883,1138.84,20.86,4154.580078,9525.769531,471.46,6581.600098,531.75,69538.0,12938.29981,33075.410156
2020-04-06,22679.99,803.080017,5323.6,10110.110352,27590.95,4811.827148,18576.300781,1791.880005,9763.82,9818.740234,1138.84,22.95,4346.140137,10075.169922,489.82,6844.299805,553.39,74073.0,13592.7002,34381.558594
2020-04-07,22653.86,818.200012,5301.3,10428.910156,30067.21,4778.63916,18950.179688,1823.599976,9809.85,9996.389648,1214.95,25.0,4438.27002,10356.700195,499.85,7002.0,573.13,76358.0,13614.09961,34526.308594
2020-04-08,23433.57,809.809998,5258.8,10386.549805,29893.96,4626.694824,19353.240234,1807.140015,10031.66,10137.469727,1205.77,24.6,4442.75,10332.889648,500.71,6951.799805,572.78,78625.0,13925.7002,34567.78125
2020-04-09,23719.37,809.809998,5439.4,10463.049805,31159.62,4649.079102,19345.769531,1836.209961,9963.9,10119.429688,1210.48,24.6,4506.850098,10564.740234,508.04,7070.600098,574.44,77682.0,14166.59961,34567.78125
2020-04-10,23719.37,809.809998,5439.4,10298.410156,31159.62,4649.079102,19498.5,1860.699951,9963.9,10157.610352,1228.03,24.6,4506.850098,10564.740234,508.04,7070.600098,574.44,77682.0,14166.59961,34567.78125
2020-04-11,23719.37,809.809998,5439.4,10298.410156,31159.62,4649.079102,19498.5,1860.699951,9963.9,10157.610352,1228.03,24.6,4506.850098,10564.740234,508.04,7070.600098,574.44,77682.0,14166.59961,34567.78125
2020-04-12,23719.37,809.809998,5439.4,10298.410156,31159.62,4649.079102,19498.5,1860.699951,9963.9,10157.610352,1228.03,24.6,4506.850098,10564.740234,508.04,7070.600098,574.44,77682.0,14166.59961,34567.78125
2020-04-13,23390.77,809.809998,5439.4,10223.160156,30690.02,4623.894043,19043.400391,1825.76001,9963.9,10099.219727,1236.78,24.6,4506.850098,10564.740234,508.04,7070.600098,574.44,78836.0,14075.90039,34613.671875
2020-04-14,23949.76,828.210022,5542.5,10475.709961,30690.02,4706.491211,19638.810547,1857.079956,10159.02,10332.94043,1256.35,26.3,4523.910156,10696.55957,507.74,7108.600098,586.92,79918.0,14258.40039,34746.390625
2020-04-15,23504.35,805.469971,5523.3,10417.370117,30379.81,4625.904785,19550.089844,1857.079956,10409.94,10447.209961,1236.1,24.78,4353.720215,10279.759766,491.13,6839.5,565.54,78831.0,13958.59961,33855.238281
2020-04-16,23537.68,793.559998,5467.6,10470.790039,30602.61,4480.606934,19290.199219,1857.069946,10473.19,10375.480469,1200.15,24.33,4350.160156,10301.540039,496.08,6763.399902,563.59,77812.0,13899.29981,33759.75
2020-04-17,24242.49,815.919983,5544.7,10527.990234,31588.72,4634.820801,19897.259766,1914.530029,10778.72,10597.040039,1239.24,24.85,4499.009766,10625.780273,505.82,6875.799805,582.15,78990.0,14359.90039,34743.101563
2020-04-18,24242.49,815.919983,5544.7,10527.990234,31588.72,4634.820801,19897.259766,1914.530029,10778.72,10597.040039,1239.24,24.85,4499.009766,10625.780273,505.82,6875.799805,582.15,78990.0,14359.90039,34743.101563
2020-04-19,24242.49,815.919983,5544.7,10527.990234,31588.72,4634.820801,19897.259766,1914.530029,10778.72,10597.040039,1239.24,24.85,4499.009766,10625.780273,505.82,6875.799805,582.15,78990.0,14359.90039,34743.101563
2020-04-20,23650.44,809.109985,5414.7,10621.5,31648.0,4575.904785,19669.119141,1898.359985,10762.67,10586.709961,1266.4,25.09,4528.299805,10675.900391,512.76,6831.5,585.25,78973.0,14388.29981,34477.058594
2020-04-21,23018.88,792.840027,5278.6,10506.860352,30636.71,4501.918945,19280.779297,1879.380005,10535.87,10288.419922,1252.92,25.65,4357.459961,10249.849609,495.76,6634.899902,570.08,78973.0,13940.09961,33892.28125
2020-04-22,23475.82,807.619995,5273.8,10617.19043,31379.55,4567.562012,19137.949219,1896.150024,10417.67,10307.740234,1261.81,24.85,4411.799805,10415.030273,509.62,6719.799805,580.73,80687.0,14288.2002,34223.851563
2020-04-23,23515.26,820.049988,5272.8,10564.049805,31863.08,4593.554199,19429.439453,1914.72998,10446.11,10366.509766,1272.53,25.09,4451.0,10513.790039,512.73,6746.5,587.87,79673.0,14251.09961,34240.601563
2020-04-24,23775.27,808.669983,5300.7,10423.459961,31327.22,4496.063965,19262.0,1889.01001,10419.48,10347.360352,1258.78,24.67,4393.319824,10336.089844,504.94,6613.899902,580.44,75331.0,14420.40039,34586.820313
2020-04-25,23775.27,808.669983,5300.7,10423.459961,31327.22,4496.063965,19262.0,1889.01001,10419.48,10347.360352,1258.78,24.67,4393.319824,10336.089844,504.94,6613.899902,580.44,75331.0,14420.40039,34586.820313
2020-04-26,23775.27,808.669983,5300.7,10423.459961,31327.22,4496.063965,19262.0,1889.01001,10419.48,10347.360352,1258.78,24.67,4393.319824,10336.089844,504.94,6613.899902,580.44,75331.0,14420.40039,34586.820313
2020-04-27,24133.78,812.640015,5388.3,10452.169922,31743.08,4513.141113,19783.220703,1922.77002,10419.48,10567.269531,1267.41,25.52,4505.259766,10659.990234,512.19,6731.799805,587.95,78239.0,14642.09961,34968.089844
2020-04-28,24101.55,826.080017,5381.2,10501.150391,32114.52,4529.554199,19771.189453,1934.089966,10759.56,10616.05957,1274.99,25.4,4569.790039,10795.629883,519.97,6836.399902,596.33,81312.0,14798.29981,35830.808594
2020-04-29,24633.86,845.0,5463.8,10514.169922,32720.16,4567.323242,19771.189453,1947.560059,10666.19,10772.219727,1282.68,25.4,4671.109863,11107.740234,526.96,7055.700195,608.46,83171.0,15228.09961,36870.089844
2020-04-30,24345.72,848.52002,5597.7,10721.780273,33717.62,4716.402832,20193.689453,1947.560059,10532.07,10992.139648,1301.66,25.4,4572.180176,10861.639648,512.92,6922.299805,601.86,80506.0,14780.7002,36470.109375
2020-05-01,23723.69,848.52002,5325.0,10721.780273,33717.62,4716.402832,19619.349609,1947.560059,10449.01,10992.139648,1301.66,25.4,4572.180176,10861.639648,512.92,6922.299805,601.86,80506.0,14620.29981,36470.109375
2020-05-02,23723.69,848.52002,5325.0,10721.780273,33717.62,4716.402832,19619.349609,1947.560059,10449.01,10992.139648,1301.66,25.4,4572.180176,10861.639648,512.92,6922.299805,601.86,80506.0,14620.29981,36470.109375
2020-05-03,23723.69,848.52002,5325.0,10721.780273,33717.62,4716.402832,19619.349609,1947.560059,10449.01,10992.139648,1301.66,25.4,4572.180176,10861.639648,512.92,6922.299805,601.86,80506.0,14620.29981,36470.109375
2020-05-04,23749.76,820.679993,5389.5,10721.780273,31715.35,4605.486816,19619.349609,1895.369995,10475.98,10720.480469,1301.66,25.29,4378.22998,10466.799805,496.31,6673.299805,574.8,78876.0,14745.0,36370.429688
2020-05-05,23883.09,833.719971,5478.1,10721.780273,31453.51,4630.132813,19619.349609,1895.369995,10490.73,10774.610352,1278.63,24.89,4483.129883,10729.459961,509.83,6747.700195,587.48,79471.0,14811.59961,36616.058594
2020-05-06,23664.64,819.799988,5464.8,10883.219727,31685.75,4608.790039,19619.349609,1928.76001,10572.84,10774.980469,1278.63,24.76,4433.379883,10606.200195,505.55,6671.700195,583.26,79064.0,14830.7002,36986.199219
2020-05-07,23875.89,830.219971,5449.9,10863.290039,31443.38,4608.790039,19674.769531,1928.609985,10649.23,10842.919922,1257.98,24.85,4501.439941,10759.269531,516.26,6730.899902,592.28,78119.0,14833.7002,36792.410156
2020-05-08,24331.32,845.679993,5488.0,11001.580078,31642.7,4597.430176,20179.089844,1945.819946,10695.59,10901.419922,1266.02,24.85,4549.640137,10904.480469,520.57,6783.100098,602.89,80263.0,14966.59961,37623.679688
2020-05-09,24331.32,845.679993,5488.0,11001.580078,31642.7,4597.430176,20179.089844,1945.819946,10695.59,10901.419922,1266.02,24.85,4549.640137,10904.480469,520.57,6783.100098,602.89,80263.0,14966.59961,37623.679688
2020-05-10,24331.32,845.679993,5488.0,11001.580078,31642.7,4597.430176,20179.089844,1945.819946,10695.59,10901.419922,1266.02,24.85,4549.640137,10904.480469,520.57,6783.100098,602.89,80263.0,14966.59961,37623.679688
2020-05-11,24221.99,840.289978,5559.1,10969.280273,31561.22,4639.10498,20390.660156,1935.400024,10760.29,11013.259766,1287.3,24.58,4490.220215,10824.990234,520.33,6672.200195,600.47,79065.0,15103.2002,37631.890625
2020-05-12,23764.78,845.539978,5497.3,11015.55957,31371.12,4588.733887,20366.480469,1922.170044,10818.67,10879.469727,1299.69,24.93,4472.5,10819.5,520.44,6762.700195,604.27,77872.0,14881.2002,37462.890625
2020-05-13,23247.97,831.570007,5513.7,11074.589844,32008.61,4554.358887,20267.050781,1940.420044,10788.03,10938.269531,1294.55,25.34,4344.950195,10542.660156,512.19,6631.399902,588.44,77772.0,14503.2002,36394.589844
2020-05-14,23625.34,808.840027,5418.0,10962.150391,31122.89,4513.833984,19914.779297,1924.959961,10745.16,10780.879883,1280.4,23.84,4273.129883,10337.019531,499.03,6545.600098,570.87,79011.0,14509.7002,36094.140625
2020-05-15,23685.42,827.75,5492.8,10964.889648,31097.73,4507.606934,20037.470703,1927.280029,10730.68,10814.919922,1280.76,24.4,4277.629883,10465.169922,500.31,6474.899902,577.91,77557.0,14638.90039,35691.390625
2020-05-16,23685.42,827.75,5492.8,10964.889648,31097.73,4507.606934,20037.470703,1927.280029,10730.68,10814.919922,1280.76,24.4,4277.629883,10465.169922,500.31,6474.899902,577.91,77557.0,14638.90039,35691.390625
2020-05-17,23685.42,827.75,5492.8,10964.889648,31097.73,4507.606934,20037.470703,1927.280029,10730.68,10814.919922,1280.76,24.4,4277.629883,10465.169922,500.31,6474.899902,577.91,77557.0,14638.90039,35691.390625
2020-05-18,24597.37,849.099976,5557.5,10921.150391,30028.98,4511.058105,20133.730469,1937.109985,10757.94,10740.549805,1286.53,24.58,4498.339844,11058.870117,519.89,6779.299805,603.37,81194.0,14638.90039,37112.460938
2020-05-19,24206.86,858.090027,5658.8,11052.849609,30196.17,4548.655762,20433.449219,1980.609985,10790.14,10860.44043,1309.95,24.96,4458.160156,11075.290039,520.45,6609.100098,605.52,80742.0,14885.5,35862.039063
2020-05-20,24575.9,869.190002,5680.1,10948.480469,30818.61,4545.952148,20595.150391,1989.640015,10788.06,10907.799805,1322.2,24.04,4496.97998,11223.709961,531.06,6683.600098,605.89,81319.0,14997.59961,36026.980469
2020-05-21,24474.12,869.190002,5660.8,10845.400391,30932.9,4545.952148,20552.310547,1998.310059,10731.55,11008.30957,1320.69,24.04,4445.450195,11065.929688,522.81,6686.100098,605.89,83027.0,14884.90039,35560.761719
2020-05-22,24465.16,855.75,5608.8,10604.969727,30672.59,4545.952148,20388.160156,1970.130005,10662.63,10811.150391,1303.97,23.93,4444.560059,11073.870117,524.38,6697.5,605.41,82173.0,14913.59961,35784.421875
2020-05-23,24465.16,855.75,5608.8,10604.969727,30672.59,4545.952148,20388.160156,1970.130005,10662.63,10811.150391,1303.97,23.93,4444.560059,11073.870117,524.38,6697.5,605.41,82173.0,14913.59961,35784.421875
2020-05-24,24465.16,855.75,5608.8,10604.969727,30672.59,4545.952148,20388.160156,1970.130005,10662.63,10811.150391,1303.97,23.93,4444.560059,11073.870117,524.38,6697.5,605.41,82173.0,14913.59961,35784.421875
2020-05-25,24465.16,874.23999,5729.9,10592.839844,30672.59,4545.952148,20741.650391,1994.599976,10775.8,10871.179688,1320.98,24.04,4539.910156,11391.280273,532.82,6856.799805,618.07,85663.0,15075.40039,35832.769531
2020-05-26,24995.11,886.26001,5889.9,10815.429688,30609.3,4626.798828,21271.169922,2029.780029,10914.74,10997.209961,1336.09,25.11,4606.240234,11504.650391,531.3,7003.899902,623.89,85469.0,15148.09961,36206.859375
2020-05-27,25548.27,888.27002,5884.9,10682.700195,31605.22,4641.555176,21419.230469,2031.199951,11049.19,11014.660156,1345.11,25.4,4688.740234,11657.69043,528.96,7174.5,626.55,87946.0,15272.0,36889.960938
2020-05-28,25400.64,885.880005,5957.8,10653.490234,32200.59,4716.185059,21916.310547,2028.540039,10856.69,10944.19043,1337.51,25.27,4771.390137,11781.129883,538.62,7224.100098,637.39,86949.0,15262.7002,36508.140625
2020-05-29,25383.11,872.219971,5872.2,10746.080078,32424.1,4753.611816,21877.890625,2029.599976,10882.41,10942.160156,1342.85,24.93,4695.439941,11586.849609,532.57,7096.5,632.92,87403.0,15192.79981,36122.730469
2020-05-30,25383.11,872.219971,5872.2,10746.080078,32424.1,4753.611816,21877.890625,2029.599976,10882.41,10942.160156,1342.85,24.93,4695.439941,11586.849609,532.57,7096.5,632.92,87403.0,15192.79981,36122.730469
2020-05-31,25383.11,872.219971,5872.2,10746.080078,32424.1,4753.611816,21877.890625,2029.599976,10882.41,10942.160156,1342.85,24.93,4695.439941,11586.849609,532.57,7096.5,632.92,87403.0,15192.79981,36122.730469
2020-06-01,25475.02,872.219971,5938.4,11102.150391,33303.52,4753.611816,22062.390625,2065.080078,10883.18,11079.019531,1352.37,24.93,4762.779785,11586.849609,539.54,7221.399902,639.87,88620.0,15236.2002,36980.851563
2020-06-02,25742.65,892.299988,5960.1,11112.5,33825.53,4847.506836,22325.609375,2087.189941,11034.17,11127.929688,1374.18,25.85,4858.970215,12021.280273,546.12,7408.100098,647.36,91046.0,15394.40039,37460.441406
2020-06-03,26269.89,909.210022,6064.9,11108.360352,34109.54,4941.005859,22613.759766,2147.0,11118.27,11320.160156,1374.18,27.25,5022.379883,12487.360352,561.3,7626.399902,662.84,93002.0,15575.09961,38290.769531
2020-06-04,26281.82,910.76001,6112.0,11139.259766,33980.7,4916.704102,22695.740234,2151.179932,11222.8,11393.230469,1411.01,29.68,5011.97998,12430.55957,559.13,7566.799805,660.97,93829.0,15527.90039,37872.890625
2020-06-05,27110.98,931.780029,6116.5,11180.599609,34287.24,4947.782227,22863.730469,2181.870117,11171.66,11479.400391,1435.7,33.65,5197.790039,12847.679688,572.8,7872.600098,671.83,94637.0,15854.09961,38948.078125
2020-06-06,27110.98,931.780029,6116.5,11180.599609,34287.24,4947.782227,22863.730469,2181.870117,11171.66,11479.400391,1435.7,33.65,5197.790039,12847.679688,572.8,7872.600098,671.83,94637.0,15854.09961,38948.078125
2020-06-07,27110.98,931.780029,6116.5,11180.599609,34287.24,4947.782227,22863.730469,2181.870117,11305.66,11479.400391,1435.7,33.65,5197.790039,12847.679688,572.8,7872.600098,671.83,94637.0,15854.09961,38948.078125
2020-06-08,27572.44,942.320007,6116.5,11215.759766,34370.58,5070.561035,23178.099609,2184.290039,11524.16,11610.320313,1438.66,34.99,5175.52002,12819.589844,566.2,7896.100098,666.11,97645.0,15974.90039,39954.011719
2020-06-09,27272.3,923.22998,6262.9,11284.240234,33956.69,5035.055176,23091.029297,2188.919922,11298.69,11637.110352,1408.37,33.4,5095.109863,12617.990234,561.75,7752.299805,657.11,96747.0,15833.7002,39185.660156
2020-06-10,26989.99,921.22998,6269.3,11335.860352,34247.05,4920.682129,23124.949219,2195.689941,11260.52,11720.160156,1418.77,37.17,5053.419922,12530.160156,559.28,7663.899902,654.67,94686.0,15701.29981,38266.191406
2020-06-11,25128.17,890.900024,6079.5,11243.620117,33538.37,4854.753906,22472.910156,2176.780029,11154.93,11535.769531,1396.77,36.37,4815.600098,11970.290039,540.26,7278.0,624.71,94686.0,15050.90039,36827.359375
2020-06-12,25605.54,897.719971,5959.9,11251.709961,33780.89,4880.358887,22305.480469,2132.300049,10905.94,11429.94043,1382.56,36.16,4839.259766,11949.280273,545.16,7292.700195,624.92,92795.0,15256.59961,37679.238281
2020-06-13,25605.54,897.719971,5959.9,11251.709961,33780.89,4880.358887,22305.480469,2132.300049,10905.94,11429.94043,1382.56,36.16,4839.259766,11949.280273,545.16,7292.700195,624.92,92795.0,15256.59961,37679.238281
2020-06-14,25605.54,897.719971,5959.9,11251.709961,33780.89,4880.358887,22305.480469,2132.300049,10905.94,11429.94043,1382.56,36.16,4839.259766,11949.280273,545.16,7292.700195,624.92,92795.0,15256.59961,37679.238281
2020-06-15,25763.16,879.409973,5830.0,11192.269531,33228.8,4816.335938,21530.949219,2030.819946,10864.12,11306.259766,1341.99,35.19,4815.720215,11911.349609,541.92,7259.299805,628.34,92376.0,15359.7002,37416.738281
2020-06-16,26289.98,903.719971,6058.1,11398.969727,33605.22,4986.458008,22582.210938,2138.050049,10953.85,11511.639648,1367.13,37.7,4952.459961,12315.660156,560.01,7495.299805,648.46,93531.0,15515.79981,37894.050781
2020-06-17,26119.61,896.690002,6109.2,11420.839844,33507.92,4987.775879,22455.759766,2141.050049,11334.31,11534.589844,1376.18,37.3,4995.970215,12382.139648,566.48,7478.700195,652.5,95547.0,15428.7002,37897.238281
2020-06-18,26080.1,888.710022,6051.9,11494.549805,34208.05,4925.248047,22355.460938,2133.47998,11225.28,11548.330078,1372.98,35.87,4958.75,12281.530273,562.61,7390.200195,650.67,96125.0,15479.79981,37632.890625
2020-06-19,25871.46,892.169983,6061.6,11668.129883,34731.73,4942.274902,22478.789063,2141.320068,11254.74,11549.860352,1370.82,36.55,4979.450195,12330.759766,567.83,7414.200195,650.67,96572.0,15474.2002,38404.628906
2020-06-20,25871.46,892.169983,6061.6,11668.129883,34731.73,4942.274902,22478.789063,2141.320068,11254.74,11549.860352,1370.82,36.55,4979.450195,12330.759766,567.83,7414.200195,650.67,96572.0,15474.2002,38404.628906
2020-06-21,25871.46,892.169983,6061.6,11668.129883,34731.73,4942.274902,22478.789063,2141.320068,11255.35,11549.860352,1370.82,36.55,4979.450195,12330.759766,567.83,7414.200195,650.67,96572.0,15474.2002,38404.628906
2020-06-22,26024.96,883.340027,6058.0,11702.44043,34911.32,4918.831055,22437.269531,2126.72998,11158.46,11572.929688,1352.18,35.28,4948.700195,12262.969727,565.07,7345.700195,645.57,95336.0,15516.90039,38123.558594
2020-06-23,26156.1,890.840027,6069.3,11794.009766,35430.43,4879.132813,22549.050781,2131.23999,11132.58,11612.360352,1356.43,36.95,5017.680176,12523.759766,574.19,7438.399902,653.61,95975.0,15564.79981,38217.679688
2020-06-24,25445.94,880.419983,6081.6,11813.530273,34868.98,4964.734863,22534.320313,2161.51001,11259.41,11660.669922,1333.43,35.56,4871.359863,12093.94043,557.33,7195.5,639.16,94377.0,15294.40039,37908.378906
2020-06-25,25745.6,877.0,5928.0,11813.530273,34842.1,4896.72998,22259.789063,2112.370117,11124.36,11660.669922,1325.88,36.88,4918.580078,12177.870117,560.41,7270.299805,643.77,95983.0,15446.09961,37734.519531
2020-06-26,25015.55,869.719971,6011.8,11813.530273,35171.27,4904.087891,22512.080078,2134.649902,11129.23,11660.669922,1330.34,36.05,4909.640137,12089.389648,559.82,7178.399902,644.67,93834.0,15189.0,37431.949219
2020-06-27,25015.55,869.719971,6011.8,11813.530273,35171.27,4904.087891,22512.080078,2134.649902,11129.23,11660.669922,1330.34,36.05,4909.640137,12089.389648,559.82,7178.399902,644.67,93834.0,15189.0,37431.949219
2020-06-28,25015.55,869.719971,6011.8,11813.530273,35171.27,4904.087891,22512.080078,2134.649902,11129.23,11660.669922,1330.34,36.05,4909.640137,12089.389648,559.82,7178.399902,644.67,93834.0,15189.0,37431.949219
2020-06-29,25595.8,874.820007,5915.6,11752.360352,34961.52,4901.817871,21995.039063,2093.47998,11252.54,11542.620117,1329.76,36.3,4945.459961,12232.120117,560.16,7278.100098,647.02,95735.0,15389.7002,37769.191406
2020-06-30,25812.88,869.080017,6001.3,11992.349609,34915.8,4905.39209,22288.140625,2108.330078,11451.05,11621.240234,1339.03,36.28,4935.990234,12310.929688,559.73,7231.399902,646.58,95056.0,15515.2002,37716.429688
2020-07-01,25734.97,877.570007,6041.0,12112.959961,35414.45,4914.388184,22121.730469,2106.699951,11350.27,11703.419922,1349.44,37.44,4926.939941,12260.570313,562.67,7227.399902,652.24,96203.0,15515.2002,37619.769531
2020-07-02,25827.36,883.409973,6142.3,12269.490234,35843.7,4966.779785,22145.960938,2135.370117,11502.52,11805.139648,1374.13,38.1,5049.379883,12608.459961,570.75,7498.600098,662.7,96235.0,15622.40039,37894.078125
2020-07-03,25827.36,876.380005,6163.7,12433.259766,36021.42,4973.793945,22306.480469,2152.409912,11558.7,11909.160156,1372.27,37.91,5007.140137,12528.179688,568.63,7403.5,661.29,96765.0,15596.79981,37950.0
2020-07-04,25827.36,876.380005,6163.7,12433.259766,36021.42,4973.793945,22306.480469,2152.409912,11558.7,11909.160156,1372.27,37.91,5007.140137,12528.179688,568.63,7403.5,661.29,96765.0,15596.79981,37950.0
2020-07-05,25827.36,876.380005,6163.7,12433.259766,36021.42,4973.793945,22306.480469,2152.409912,11567.31,11909.160156,1372.27,37.91,5007.140137,12528.179688,568.63,7403.5,661.29,96765.0,15596.79981,37950.0
2020-07-06,26287.03,884.590027,6125.9,12941.719727,36487.28,4988.866211,22714.439453,2187.929932,11656.21,12116.700195,1372.27,41.63,5081.509766,12733.450195,578.52,7556.200195,673.72,98937.0,15669.7002,37884.761719
2020-07-07,25890.18,883.880005,6126.7,13163.980469,36674.52,4987.082031,22614.689453,2164.169922,11743.73,12092.969727,1373.22,41.05,5043.72998,12616.799805,575.52,7447.399902,671.21,97761.0,15595.5,37837.390625
2020-07-08,26067.28,884.77002,6034.3,13406.370117,36329.01,5076.173828,22438.650391,2158.879883,11707.27,12170.19043,1362.46,42.14,4981.129883,12494.80957,572.18,7326.399902,668.67,99770.0,15629.2002,37483.878906
2020-07-09,25706.09,874.97998,6074.9,13754.740234,36737.69,5052.793945,22529.289063,2167.899902,11440.88,12192.69043,1365.81,43.9,4921.009766,12489.459961,567.38,7236.899902,663.3,99160.0,15568.59961,36795.949219
2020-07-10,26075.3,876.26001,6036.3,13671.240234,36594.33,5031.255859,22290.810547,2150.25,11394.86,12073.679688,1350.5,42.41,4970.47998,12633.709961,570.52,7321.100098,668.09,100032.0,15713.79981,36465.460938
2020-07-11,26075.3,876.26001,6036.3,13671.240234,36594.33,5031.255859,22290.810547,2150.25,11394.86,12073.679688,1350.5,42.41,4970.47998,12633.709961,570.52,7321.100098,668.09,100032.0,15713.79981,36465.460938
2020-07-12,26075.3,876.26001,6036.3,13671.240234,36594.33,5031.255859,22290.810547,2150.25,11394.86,12073.679688,1350.5,42.41,4970.47998,12633.709961,570.52,7321.100098,668.09,100032.0,15713.79981,36465.460938
2020-07-13,26085.8,895.440002,6089.3,14149.139648,36693.69,5064.446777,22784.740234,2186.060059,11434.79,12211.55957,1342.37,44.25,5056.22998,12799.969727,578.85,7426.899902,679.23,98697.0,15639.40039,36389.390625
2020-07-14,26642.59,899.679993,6045.5,13996.459961,36033.06,5079.12207,22587.009766,2183.610107,11494.14,12209.009766,1341.07,41.43,5007.459961,12697.360352,572.51,7352.0,676.46,100440.0,15908.5,36190.910156
2020-07-15,26870.1,916.789978,6160.4,13734.129883,36051.81,5075.797852,22945.5,2201.879883,11610.52,12202.849609,1354.31,42.09,5108.97998,12930.980469,577.56,7487.600098,688.41,101791.0,16063.29981,36590.261719
2020-07-16,26734.71,913.590027,6123.0,12996.339844,36471.68,5098.374023,22770.359375,2183.76001,11505.06,12157.740234,1347.86,41.54,5085.279785,12874.969727,573.94,7474.700195,684.84,100553.0,16024.5,36465.671875
2020-07-17,26671.95,920.169983,6144.9,13114.94043,37020.14,5079.584961,22696.419922,2201.189941,11584.05,12181.55957,1359.58,43.54,5069.419922,12919.610352,573.8,7440.399902,690.35,102888.0,16123.5,36327.839844
2020-07-18,26671.95,920.169983,6144.9,13114.94043,37020.14,5079.584961,22696.419922,2201.189941,11584.05,12181.55957,1359.58,43.54,5069.419922,12919.610352,573.8,7440.399902,690.35,102888.0,16123.5,36327.839844
2020-07-19,26671.95,920.169983,6144.9,13114.94043,37020.14,5079.584961,22696.419922,2201.189941,11584.05,12181.55957,1359.58,43.54,5069.419922,12919.610352,573.8,7440.399902,690.35,102888.0,16123.5,36327.839844
2020-07-20,26680.87,923.960022,6112.3,13448.849609,37418.99,5051.105957,22717.480469,2198.199951,11553.16,12174.540039,1358.29,46.26,5093.180176,13046.919922,579.14,7478.0,697.23,104426.0,16183.7002,36323.691406
2020-07-21,26840.4,935.820007,6268.8,13536.169922,37930.33,5114.708984,22884.220703,2228.830078,11736.73,12397.549805,1377.0,45.21,5104.279785,13171.830078,581.29,7494.5,693.45,104310.0,16163.0,36881.671875
2020-07-22,27005.84,927.880005,6192.6,13657.030273,37871.52,5110.187012,22751.609375,2228.659912,11722.97,12473.269531,1357.04,45.35,5037.120117,13104.25,572.9,7390.100098,698.48,104290.0,16171.09961,37447.101563
2020-07-23,26652.33,922.26001,6213.9,13661.5,38140.47,5145.009766,22751.609375,2216.189941,11693.41,12413.040039,1359.65,42.85,5033.759766,13103.389648,576.67,7384.899902,699.36,102293.0,16018.7002,37433.300781
2020-07-24,26469.89,921.309998,6148.0,12935.700195,38128.9,5082.991211,22751.609375,2200.439941,11636.26,12304.040039,1340.92,39.93,4956.430176,12838.05957,563.95,7294.700195,685.15,102382.0,15997.09961,37357.460938
2020-07-25,26469.89,921.309998,6148.0,12935.700195,38128.9,5082.991211,22751.609375,2200.439941,11636.26,12304.040039,1340.92,39.93,4956.430176,12838.05957,563.95,7294.700195,685.15,102382.0,15997.09961,37357.460938
2020-07-26,26469.89,921.309998,6148.0,12935.700195,38128.9,5082.991211,22751.609375,2200.439941,11636.26,12304.040039,1340.92,39.93,4956.430176,12838.05957,563.95,7294.700195,685.15,102382.0,15997.09961,37357.460938
2020-07-27,26584.77,919.289978,6169.6,12976.870117,37934.73,5116.666016,22715.849609,2217.860107,11585.62,12588.299805,1340.92,44.43,4939.620117,12838.660156,564.37,7170.600098,688.45,104477.0,16161.29981,37742.140625
2020-07-28,26379.28,917.159973,6146.8,13147.349609,38492.95,5112.98877,22657.380859,2256.98999,11578.27,12586.730469,1340.92,42.11,4928.939941,12835.280273,566.33,7246.399902,686.23,104109.0,16121.29981,37771.210938
2020-07-29,26539.57,919.47998,6128.0,13557.44043,38071.13,5149.629883,22397.109375,2263.159912,11599.44,12540.969727,1338.35,44.41,4958.740234,12822.259766,564.11,7206.200195,690.11,105605.0,16294.7002,37720.839844
2020-07-30,26313.65,895.77002,6177.5,13466.849609,37736.07,5149.626953,22339.230469,2267.01001,11692.02,12722.919922,1315.74,40.65,4852.939941,12379.650391,549.2,6996.600098,675.05,105009.0,16299.29981,37136.78125
2020-07-31,26428.32,901.73999,6058.3,13637.879883,37606.89,5149.626953,21710.0,2249.370117,11727.63,12664.799805,1328.53,42.94,4783.689941,12313.360352,545.29,6877.399902,673.57,102912.0,16169.2002,37019.679688
2020-08-01,26428.32,901.73999,6058.3,13637.879883,37606.89,5149.626953,21710.0,2249.370117,11727.63,12664.799805,1328.53,42.94,4783.689941,12313.360352,545.29,6877.399902,673.57,102912.0,16169.2002,37019.679688
2020-08-02,26428.32,901.73999,6058.3,13637.879883,37606.89,5149.626953,21710.0,2249.370117,11727.63,12664.799805,1328.53,42.94,4783.689941,12313.360352,545.29,6877.399902,673.57,102912.0,16169.2002,37019.679688
2020-08-03,26664.4,917.650024,6053.9,13964.55957,36939.6,5006.223145,22195.380859,2251.040039,11666.09,12513.030273,1321.23,42.99,4875.930176,12646.980469,557.73,6975.0,688.61,102830.0,16169.2002,37546.71875
2020-08-04,26828.47,924.780029,6166.5,13860.459961,37687.91,5075.001953,22573.660156,2279.969971,11771.72,12709.919922,1330.81,41.98,4889.52002,12600.870117,557.94,7021.600098,684.75,101216.0,16368.0,37466.949219
2020-08-05,27201.52,935.280029,6135.9,13960.929688,37663.33,5127.050781,22514.849609,2311.860107,11757.72,12802.299805,1337.35,42.58,4933.339844,12660.25,563.05,7039.700195,691.27,102802.0,16501.59961,37901.960938
2020-08-06,27386.98,935.52002,6180.3,13863.129883,38025.45,5178.271973,22418.150391,2342.610107,11764.59,12913.5,1333.22,41.51,4885.129883,12591.679688,558.46,6957.899902,690.4,104126.0,16579.09961,37998.339844
2020-08-07,27433.48,933.780029,6144.9,13648.5,38040.57,5143.893066,22329.939453,2351.669922,11646.68,12828.870117,1324.4,41.72,4889.52002,12674.879883,559.57,6950.5,692.0,102776.0,16544.5,38005.0
2020-08-08,27433.48,933.780029,6144.9,13648.5,38040.57,5143.893066,22329.939453,2351.669922,11646.68,12828.870117,1324.4,41.72,4889.52002,12674.879883,559.57,6950.5,692.0,102776.0,16544.5,38005.0
2020-08-09,27433.48,933.780029,6144.9,13648.5,38040.57,5143.893066,22329.939453,2351.669922,11646.68,12828.870117,1324.4,41.72,4889.52002,12674.879883,559.57,6950.5,692.0,102776.0,16544.5,38005.0
2020-08-10,27791.44,935.929993,6247.1,13657.30957,38182.08,5157.833984,22329.939453,2386.379883,11683.44,12894.0,1322.01,39.15,4909.509766,12687.530273,557.08,7053.899902,693.05,103444.0,16605.5,38289.761719
2020-08-11,27686.91,951.690002,6272.1,13466.269531,38407.01,5190.169922,22750.240234,2418.669922,11645.32,12780.19043,1336.84,39.22,5027.990234,12946.889648,565.56,7263.5,703.11,102174.0,16497.0,38703.589844
2020-08-12,27976.84,957.25,6257.0,13308.519531,38369.63,5233.452148,22843.960938,2432.350098,11491.91,12670.349609,1336.84,38.62,5073.310059,13058.629883,575.06,7296.0,703.8,102118.0,16575.30078,38634.101563
2020-08-13,27896.72,959.02002,6223.9,13291.320313,38310.49,5239.25,23249.609375,2437.530029,11500.82,12763.129883,1346.69,38.55,5042.379883,12993.709961,569.95,7250.5,705.37,100461.0,16530.09961,38615.621094
2020-08-14,27931.02,950.940002,6261.7,13489.009766,37877.34,5247.689941,23289.359375,2407.48999,11452.14,12795.459961,1327.05,40.07,4962.930176,12901.339844,560.84,7154.299805,693.94,101353.0,16514.59961,38949.878906
2020-08-15,27931.02,950.940002,6261.7,13489.009766,37877.34,5247.689941,23289.359375,2407.48999,11452.14,12795.459961,1327.05,40.07,4962.930176,12901.339844,560.84,7154.299805,693.94,101353.0,16514.59961,38949.878906
2020-08-16,27931.02,950.940002,6261.7,13489.009766,37877.34,5247.689941,23289.359375,2407.48999,11452.14,12795.459961,1327.05,40.07,4962.930176,12901.339844,560.84,7154.299805,693.94,101353.0,16514.59961,38949.878906
2020-08-17,27844.91,950.580017,6218.5,13742.230469,38050.78,5247.689941,23096.75,2407.48999,11672.95,12956.110352,1320.91,39.84,4971.939941,12920.660156,562.94,7090.100098,701.63,99595.0,16656.09961,39285.851563
2020-08-18,27778.07,944.72998,6268.7,13768.169922,38528.32,5295.173828,23051.080078,2348.23999,11849.13,12872.139648,1330.11,42.25,4938.060059,12881.759766,559.44,7043.5,695.9,102065.0,16626.09961,39087.351563
2020-08-19,27692.88,945.780029,6314.1,13480.849609,38614.79,5272.810059,23110.609375,2360.540039,11751.29,12778.639648,1308.67,44.45,4977.22998,12977.330078,560.23,7094.299805,701.67,100854.0,16577.40039,39021.921875
2020-08-20,27739.73,939.340027,6271.7,13320.919922,38220.39,5272.810059,22880.619141,2274.219971,11662.16,12362.639648,1296.79,44.45,4911.240234,12830.0,552.44,6993.299805,693.85,101468.0,16606.80078,38707.238281
2020-08-21,27930.33,938.559998,6270.7,13478.0,38434.72,5272.810059,22920.300781,2304.590088,11835.94,12607.839844,1299.26,45.35,4896.330078,12764.799805,551.37,6982.100098,693.58,101521.0,16517.90039,38095.878906
2020-08-22,27930.33,938.559998,6270.7,13478.0,38434.72,5272.810059,22920.300781,2304.590088,11835.94,12607.839844,1299.26,45.35,4896.330078,12764.799805,551.37,6982.100098,693.58,101521.0,16517.90039,38095.878906
2020-08-23,27930.33,938.559998,6270.7,13478.0,38434.72,5272.810059,22920.300781,2304.590088,11836.52,12607.839844,1299.26,45.35,4896.330078,12764.799805,551.37,6982.100098,693.58,101521.0,16517.90039,38095.878906
2020-08-24,28308.46,955.349976,6300.3,13666.69043,38799.08,5277.041016,22985.509766,2329.830078,11921.07,12647.129883,1317.11,45.81,5007.890137,13066.540039,560.99,7109.100098,703.76,102298.0,16626.59961,38029.621094
2020-08-25,28248.44,952.22998,6332.0,13669.410156,38843.88,5338.888184,23296.769531,2366.72998,11993.18,12758.25,1315.99,45.35,5008.27002,13061.620117,559.81,7108.399902,702.87,102118.0,16617.5,38249.898438
2020-08-26,28331.92,949.219971,6294.5,13428.400391,39073.92,5340.328125,23290.859375,2369.320068,12031.51,12833.290039,1322.55,48.07,5048.430176,13190.150391,566.23,7123.0,709.51,100627.0,16790.0,37753.039063
2020-08-27,28492.27,946.320007,6310.6,13535.089844,39113.47,5371.472168,23208.859375,2344.449951,12053.43,12797.30957,1326.81,48.39,5015.970215,13096.360352,562.41,7090.700195,706.1,100624.0,16731.5,37647.191406
2020-08-28,28653.87,940.859985,6260.8,13851.320313,39467.31,5346.65918,22882.650391,2353.800049,12093.52,12728.849609,1323.31,46.85,5002.939941,13033.200195,556.8,7133.0,700.75,102143.0,16705.80078,37794.25
2020-08-29,28653.87,940.859985,6260.8,13851.320313,39467.31,5346.65918,22882.650391,2353.800049,12093.52,12728.849609,1323.31,46.85,5002.939941,13033.200195,556.8,7133.0,700.75,102143.0,16705.80078,37794.25
2020-08-30,28653.87,940.859985,6260.8,13851.320313,39467.31,5346.65918,22882.650391,2353.800049,12093.52,12728.849609,1323.31,46.85,5002.939941,13033.200195,556.8,7133.0,700.75,102143.0,16705.80078,37794.25
2020-08-31,28430.05,937.0,6245.9,13758.230469,38628.29,5238.486816,23139.759766,2326.169922,11937.56,12591.450195,1310.66,48.44,4947.220215,12945.379883,549.2,6969.5,698.47,99369.0,16514.40039,36840.730469
2020-09-01,28646.45,936.619995,6143.2,13849.660156,38900.8,5310.679199,23138.070313,2349.550049,11793.16,12703.280273,1305.57,47.35,4938.100098,12974.25,552.22,6956.899902,700.01,102168.0,16645.0,37487.988281
2020-09-02,29100.5,932.72998,6251.8,13887.429688,39086.03,5311.970215,23247.150391,2364.370117,11903.79,12699.5,1315.88,49.21,5031.740234,13243.429688,561.27,6996.899902,705.44,101911.0,16698.0,37053.769531
2020-09-03,28292.73,928.869995,6301.0,13772.370117,38990.94,5280.812988,23465.529297,2395.899902,11943.38,12757.969727,1311.95,48.07,5009.52002,13057.769531,549.6,7006.0,695.92,100721.0,16448.90039,36429.660156
2020-09-04,28133.31,920.969971,6108.8,13656.660156,38357.18,5239.851074,23205.429688,2368.25,11824.31,12637.950195,1311.95,46.03,4965.069824,12842.660156,540.27,6989.700195,692.49,101242.0,16218.0,36448.5
2020-09-05,28133.31,920.969971,6108.8,13656.660156,38357.18,5239.851074,23205.429688,2368.25,11824.31,12637.950195,1311.95,46.03,4965.069824,12842.660156,540.27,6989.700195,692.49,101242.0,16218.0,36448.5
2020-09-06,28133.31,920.969971,6108.8,13656.660156,38357.18,5239.851074,23205.429688,2368.25,11829.2,12637.950195,1311.95,46.03,4965.069824,12842.660156,540.27,6989.700195,692.49,101242.0,16218.0,36448.5
2020-09-07,28133.31,930.070007,6129.9,13284.030273,38417.23,5230.195801,23089.949219,2384.219971,11859.45,12601.400391,1311.95,48.53,5053.720215,13100.280273,547.14,7080.700195,707.81,101242.0,16218.0,36637.449219
2020-09-08,27500.89,914.77002,6190.2,13293.330078,38365.35,5244.071777,23274.130859,2401.909912,11827.04,12663.55957,1293.8,47.58,4973.52002,12968.330078,540.79,6955.0,702.26,100050.0,16099.5,36071.429688
2020-09-09,27940.47,932.47998,6058.9,12861.75,38193.92,5149.375977,23032.539063,2375.810059,11745.89,12608.580078,1293.4,47.35,5042.97998,13237.209961,552.05,7020.899902,713.42,101292.0,16383.59961,36157.960938
2020-09-10,27534.58,930.969971,6090.0,12742.849609,38840.32,4891.460938,23235.470703,2396.47998,11764.6,12691.75,1290.89,48.35,5023.930176,13208.889648,550.5,6999.200195,710.87,98835.0,16185.29981,36180.738281
2020-09-11,27665.64,933.969971,6038.9,12942.950195,38854.55,5016.711914,23406.490234,2396.689941,11748.03,12675.950195,1279.96,47.48,5034.140137,13202.839844,552.01,6943.200195,712.07,98363.0,16222.5,36334.890625
2020-09-12,27665.64,933.969971,6038.9,12942.950195,38854.55,5016.711914,23406.490234,2396.689941,11748.03,12675.950195,1279.96,47.48,5034.140137,13202.839844,552.01,6943.200195,712.07,98363.0,16222.5,36334.890625
2020-09-13,27665.64,933.969971,6038.9,12942.950195,38854.55,5016.711914,23406.490234,2396.689941,11759.78,12675.950195,1279.96,47.48,5034.140137,13202.839844,552.01,6943.200195,712.07,98363.0,16222.5,36334.890625
2020-09-14,27993.33,931.47998,6078.5,13021.990234,38756.63,5161.828125,23559.300781,2427.909912,11790.54,12787.820313,1272.34,46.12,5051.879883,13193.660156,552.44,6951.100098,712.95,100275.0,16360.09961,36881.988281
2020-09-15,27995.6,941.48999,6079.3,13143.459961,39044.35,5100.865234,23454.890625,2443.580078,11770.75,12845.650391,1286.18,45.53,5067.930176,13217.669922,555.95,7036.0,720.1,100298.0,16431.30078,36729.148438
2020-09-16,28032.38,944.289978,6146.9,13011.280273,39302.85,5058.481934,23475.529297,2435.919922,11814.71,12976.759766,1293.48,45.81,5074.419922,13255.370117,558.43,7110.799805,727.53,99676.0,16295.7002,36729.148438
2020-09-17,27901.98,947.909973,6069.2,13015.19043,38979.85,5038.400879,23319.369141,2406.169922,11789.91,12872.740234,1284.4,46.71,5039.5,13208.120117,552.48,7086.200195,727.08,100098.0,16246.7002,36130.921875
2020-09-18,27657.42,948.320007,6057.6,13245.089844,38845.82,5059.223145,23360.300781,2412.399902,11633.52,12875.620117,1288.39,46.31,4978.180176,13116.25,550.85,6929.799805,729.0,98290.0,16199.0,36017.351563
2020-09-19,27657.42,948.320007,6057.6,13245.089844,38845.82,5059.223145,23360.300781,2412.399902,11633.52,12875.620117,1288.39,46.31,4978.180176,13116.25,550.85,6929.799805,729.0,98290.0,16199.0,36017.351563
2020-09-20,27657.42,948.320007,6057.6,13245.089844,38845.82,5059.223145,23360.300781,2412.399902,11650.18,12875.620117,1288.39,46.31,4978.180176,13116.25,550.85,6929.799805,729.0,98290.0,16199.0,36017.351563
2020-09-21,27147.7,915.5,6013.5,13149.5,38034.14,4999.359863,23360.300781,2389.389893,11528.64,12795.120117,1275.16,42.23,4792.040039,12542.44043,536.01,6692.299805,705.23,96991.0,15981.79981,35517.769531
2020-09-22,27288.18,927.049988,5973.5,13023.429688,37734.08,4934.092773,23360.300781,2332.590088,11665.68,12645.509766,1267.63,44.59,4772.839844,12594.389648,540.78,6648.600098,708.58,97294.0,16142.90039,35853.578125
2020-09-23,26763.13,928.289978,6111.3,13110.070313,37668.42,4917.955078,23346.490234,2333.23999,11711.48,12583.879883,1264.01,45.58,4802.259766,12642.969727,545.68,6654.200195,712.36,95735.0,15817.09961,35829.578125
2020-09-24,26815.44,918.640015,6056.5,12816.610352,36553.6,4842.755859,23087.820313,2272.699951,11689.89,12264.379883,1247.46,43.72,4762.620117,12606.570313,541.11,6643.399902,707.75,97012.0,15912.29981,36217.488281
2020-09-25,27173.96,917.419983,6140.5,12814.169922,37388.66,4945.791016,23204.619141,2278.790039,11797.08,12232.910156,1244.94,44.63,4729.660156,12469.200195,540.91,6628.299805,711.05,96999.0,16065.40039,36583.710938
2020-09-26,27173.96,917.419983,6140.5,12814.169922,37388.66,4945.791016,23204.619141,2278.790039,11797.08,12232.910156,1244.94,44.63,4729.660156,12469.200195,540.91,6628.299805,711.05,96999.0,16065.40039,36583.710938
2020-09-27,27173.96,917.419983,6140.5,12814.169922,37388.66,4945.791016,23204.619141,2278.790039,11628.69,12232.910156,1244.94,44.63,4729.660156,12469.200195,540.91,6628.299805,711.05,96999.0,16065.40039,36583.710938
2020-09-28,27584.06,929.840027,6134.9,12760.929688,37981.63,4906.547852,23511.619141,2308.080078,11850.46,12462.759766,1263.02,47.44,4843.27002,12870.870117,551.67,6791.5,728.65,94666.0,16242.79981,37231.5
2020-09-29,27452.66,926.429993,6141.5,12900.700195,37973.22,4879.098145,23539.099609,2327.889893,11760.65,12467.730469,1257.34,45.53,4832.069824,12825.820313,548.92,6713.600098,730.14,93580.0,16211.5,37134.921875
2020-09-30,27781.7,929.849976,6009.3,12907.450195,38067.93,4870.039063,23185.119141,2327.889893,11781.43,12515.610352,1237.04,46.71,4803.439941,12760.730469,547.7,6716.600098,728.7,94603.0,16121.40039,37458.691406
2020-10-01,27816.9,925.150024,6069.4,12907.450195,38697.05,4970.094238,23185.119141,2327.889893,11838.85,12515.610352,1247.59,46.71,4824.040039,12730.769531,550.54,6730.700195,730.33,95479.0,16184.5,36626.109375
2020-10-02,27682.81,925.369995,5983.2,12907.450195,38697.05,4926.733887,23029.900391,2327.889893,11822.84,12515.610352,1237.54,46.21,4824.879883,12689.040039,553.12,6754.5,725.75,94016.0,16199.29981,36642.378906
2020-10-03,27682.81,925.369995,5983.2,12907.450195,38697.05,4926.733887,23029.900391,2327.889893,11822.84,12515.610352,1237.54,46.21,4824.879883,12689.040039,553.12,6754.5,725.75,94016.0,16199.29981,36642.378906
2020-10-04,27682.81,925.369995,5983.2,12907.450195,38697.05,4926.733887,23029.900391,2327.889893,11849.41,12515.610352,1237.54,46.21,4824.879883,12689.040039,553.12,6754.5,725.75,94016.0,16199.29981,36642.378906
2020-10-05,28148.64,943.02002,6135.1,12907.450195,38973.7,4958.769043,23312.140625,2358.0,11976.32,12548.280273,1242.99,47.62,4871.870117,12828.30957,557.92,6837.899902,735.21,96089.0,16410.19922,36740.328125
2020-10-06,27772.76,952.859985,6164.2,12907.450195,39574.57,4999.221191,23433.730469,2365.899902,11936.37,12704.230469,1250.15,48.16,4895.459961,12906.019531,555.38,6936.200195,735.44,95615.0,16236.09961,36947.871094
2020-10-07,28303.46,945.73999,6239.6,12907.450195,39878.95,5004.327148,23422.820313,2386.939941,12069.15,12746.370117,1263.71,47.8,4882.0,12928.570313,554.6,6910.100098,736.07,95526.0,16428.30078,37418.789063
2020-10-08,28425.51,953.559998,6306.0,12907.450195,40182.67,5039.14209,23647.070313,2391.959961,12309.26,12887.19043,1274.83,47.44,4911.939941,13042.209961,559.94,6992.799805,737.85,97920.0,16534.5,38404.050781
2020-10-09,28586.9,952.039978,6312.5,13289.259766,40509.49,5053.663086,23619.689453,2391.959961,12280.54,12887.19043,1267.14,48.07,4946.810059,13051.230469,567.17,6950.899902,738.49,97483.0,16562.80078,38478.578125
2020-10-10,28586.9,952.039978,6312.5,13289.259766,40509.49,5053.663086,23619.689453,2391.959961,12280.54,12887.19043,1267.14,48.07,4946.810059,13051.230469,567.17,6950.899902,738.49,97483.0,16562.80078,38478.578125
2020-10-11,28586.9,952.039978,6312.5,13289.259766,40509.49,5053.663086,23619.689453,2391.959961,12349.28,12887.19043,1267.14,48.07,4946.810059,13051.230469,567.17,6950.899902,738.49,97483.0,16562.80078,38478.578125
2020-10-12,28837.52,951.700012,6343.0,13708.070313,40593.8,5093.099121,23558.689453,2403.72998,12413.37,12955.910156,1273.43,51.57,4979.290039,13138.410156,572.31,6951.0,743.82,97483.0,16562.80078,38342.089844
2020-10-13,28679.81,950.309998,6400.2,13798.580078,40625.51,5132.571777,23601.779297,2403.149902,12445.91,12947.129883,1273.43,47.62,4947.609863,13018.990234,572.47,6875.200195,737.38,98503.0,16510.80078,38131.78125
2020-10-14,28514.0,953.609985,6387.4,13691.040039,40794.74,5176.099121,23626.730469,2380.47998,12513.1,12919.30957,1263.99,49.25,4941.660156,13028.05957,571.98,6916.600098,739.9,99334.0,16455.40039,38025.71875
2020-10-15,28494.2,937.840027,6414.2,13624.889648,39728.41,5105.149902,23507.230469,2361.209961,12476.86,12827.820313,1242.96,45.94,4837.419922,12703.75,560.47,6816.799805,728.57,99054.0,16501.0,38059.230469
2020-10-16,28606.31,947.549988,6385.0,13532.730469,39982.98,5103.414063,23410.630859,2341.530029,12433.16,12750.370117,1233.68,46.71,4935.859863,12908.990234,568.18,6849.700195,735.09,98309.0,16438.80078,37876.488281
2020-10-17,28606.31,947.549988,6385.0,13532.730469,39982.98,5103.414063,23410.630859,2341.530029,12433.16,12750.370117,1233.68,46.71,4935.859863,12908.990234,568.18,6849.700195,735.09,98309.0,16438.80078,37876.488281
2020-10-18,28606.31,947.549988,6385.0,13532.730469,39982.98,5103.414063,23410.630859,2341.530029,12445.61,12750.370117,1233.68,46.71,4935.859863,12908.990234,568.18,6849.700195,735.09,98309.0,16438.80078,37876.488281
2020-10-19,28195.42,947.26001,6435.6,13421.19043,40431.6,5126.330078,23671.130859,2346.73999,12409.63,12908.339844,1208.75,45.17,4942.620117,12854.660156,565.28,6860.200195,736.83,98658.0,16274.09961,37685.738281
2020-10-20,28308.79,940.5,6396.8,13603.879883,40544.37,5099.839844,23567.039063,2358.409912,12469.49,12862.370117,1210.67,44.01,4929.279785,12736.950195,564.0,6927.299805,734.78,100540.0,16273.29981,38201.808594
2020-10-21,28210.82,923.409973,6403.1,13467.910156,40707.31,5096.445801,23639.460938,2370.860107,12475.73,12877.25,1216.48,42.4,4853.950195,12557.639648,557.4,6811.5,724.4,100552.0,16230.2002,38669.25
2020-10-22,28363.66,913.559998,6383.7,13396.179688,40558.49,5091.815918,23474.269531,2355.050049,12422.54,12917.030273,1213.61,41.31,4851.379883,12543.05957,554.2,6796.600098,724.14,101918.0,16279.40039,38652.191406
2020-10-23,28335.57,925.5,6373.7,13128.459961,40685.5,5112.187988,23516.589844,2360.810059,12470.34,12898.820313,1213.61,41.72,4909.640137,12645.75,554.34,6893.399902,724.77,101260.0,16304.09961,38707.71875
2020-10-24,28335.57,925.5,6373.7,13128.459961,40685.5,5112.187988,23516.589844,2360.810059,12470.34,12898.820313,1213.61,41.72,4909.640137,12645.75,554.34,6893.399902,724.77,101260.0,16304.09961,38707.71875
2020-10-25,28335.57,925.5,6373.7,13128.459961,40685.5,5112.187988,23516.589844,2360.810059,12470.34,12898.820313,1213.61,41.72,4909.640137,12645.75,554.34,6893.399902,724.77,101260.0,16304.09961,38707.71875
2020-10-26,27685.38,897.330017,6357.3,13191.25,40145.5,5144.048828,23494.339844,2343.909912,12364.4,12909.030273,1207.97,39.73,4816.120117,12177.179688,545.95,6796.899902,703.73,101017.0,16079.59961,38245.859375
2020-10-27,27463.19,889.409973,6247.2,13269.650391,40522.1,5128.225098,23485.800781,2330.840088,12255.31,12875.009766,1208.95,41.14,4730.660156,12063.570313,545.65,6651.299805,700.39,99606.0,16020.90039,38001.308594
2020-10-28,26519.95,862.01001,6262.5,13388.099609,39922.46,5128.225098,23418.509766,2345.26001,12134.44,12793.75,1207.94,37.32,4571.120117,11560.509766,534.09,6474.399902,681.08,95369.0,15586.59961,37393.710938
2020-10-29,26659.11,872.950012,6168.0,13519.660156,39749.85,5128.225098,23331.939453,2326.669922,12210.5,12662.910156,1201.64,38.97,4569.669922,11598.070313,534.43,6411.799805,679.56,96582.0,15670.7002,36801.371094
2020-10-30,26501.6,874.419983,6133.2,13236.599609,39614.07,5128.225098,22977.130859,2267.149902,12084.47,12546.339844,1194.95,39.51,4594.240234,11556.480469,533.88,6452.200195,683.51,93952.0,15580.59961,36987.859375
2020-10-31,26501.6,874.419983,6133.2,13236.599609,39614.07,5128.225098,22977.130859,2267.149902,12084.47,12546.339844,1194.95,39.51,4594.240234,11556.480469,533.88,6452.200195,683.51,93952.0,15580.59961,36987.859375
2020-11-01,26501.6,874.419983,6133.2,13236.599609,39614.07,5128.225098,22977.130859,2267.149902,12033.08,12546.339844,1194.95,39.51,4594.240234,11556.480469,533.88,6452.200195,683.51,93952.0,15580.59961,36987.859375
2020-11-02,26925.05,887.969971,6147.4,13420.959961,39757.58,5115.12793,23295.480469,2300.159912,12083.34,12591.30957,1202.16,40.09,4691.140137,11788.280273,543.91,6585.600098,692.93,93952.0,15696.90039,36987.859375
2020-11-03,27480.03,893.650024,6262.8,13580.040039,40261.13,5159.452148,23295.480469,2343.310059,12205.11,12736.009766,1221.33,41.54,4805.609863,12088.980469,554.48,6751.600098,703.99,95587.0,15939.2002,37466.089844
2020-11-04,27847.66,905.51001,6265.0,13659.5,40616.14,5105.199219,23695.230469,2357.320068,12290.1,12867.900391,1222.44,41.76,4922.850098,12324.219727,565.26,6781.899902,719.1,97811.0,15998.7002,37475.761719
2020-11-05,28390.18,909.719971,6344.0,13894.259766,41340.16,5260.326172,24105.279297,2413.790039,12347.85,12918.799805,1264.32,42.36,4983.990234,12568.089844,571.6,6924.200195,729.37,100774.0,16298.2002,38399.070313
2020-11-06,28323.4,908.849976,6395.0,13838.419922,41893.06,5335.528809,24325.230469,2416.5,12337.02,12973.530273,1260.08,43.34,4960.879883,12480.019531,572.9,6870.399902,728.53,100799.0,16282.79981,38530.5
2020-11-07,28323.4,908.849976,6395.0,13838.419922,41893.06,5335.528809,24325.230469,2416.5,12337.02,12973.530273,1260.08,43.34,4960.879883,12480.019531,572.9,6870.399902,728.53,100799.0,16282.79981,38530.5
2020-11-08,28323.4,908.849976,6395.0,13838.419922,41893.06,5335.528809,24325.230469,2416.5,12428.64,12973.530273,1260.08,43.34,4960.879883,12480.019531,572.9,6870.399902,728.53,100799.0,16282.79981,38530.5
2020-11-09,29157.97,950.679993,6515.7,14141.150391,42597.43,5356.004883,24839.839844,2447.199951,12730.15,13127.469727,1285.88,41.78,5336.319824,13095.969727,593.93,7459.399902,747.23,103913.0,16475.90039,39652.519531
2020-11-10,29420.92,947.48999,6544.0,13993.339844,43277.65,5462.73877,24905.589844,2452.830078,12728.17,13081.719727,1341.24,41.42,5418.970215,13163.110352,591.87,7711.399902,742.08,105351.0,16615.40039,40404.578125
2020-11-11,29397.63,958.109985,6651.1,13720.169922,43593.67,5509.513184,25349.599609,2485.870117,12728.64,13262.19043,1345.34,42.63,5445.209961,13216.179688,599.21,7793.700195,749.82,104532.0,16774.09961,40858.949219
2020-11-12,29080.17,958.159973,6619.4,13792.070313,43357.19,5458.602051,25520.880859,2475.620117,12607.18,13221.780273,1336.31,43.32,5362.569824,13052.950195,600.05,7726.0,745.41,102175.0,16582.19922,40335.949219
2020-11-13,29479.81,959.72998,6609.3,13754.549805,43443.0,5461.058105,25385.869141,2493.870117,12700.17,13273.330078,1346.47,43.23,5380.160156,13076.719727,596.87,7783.700195,747.71,104512.0,16675.59961,40791.808594
2020-11-14,29479.81,959.72998,6609.3,13754.549805,43637.98,5461.058105,25385.869141,2493.870117,12700.17,13273.330078,1346.47,43.23,5380.160156,13076.719727,596.87,7783.700195,747.71,104512.0,16675.59961,40791.808594
2020-11-15,29479.81,959.72998,6609.3,13754.549805,43637.98,5461.058105,25385.869141,2493.870117,12804.82,13273.330078,1346.47,43.23,5380.160156,13076.719727,596.87,7783.700195,747.71,104512.0,16675.59961,40791.808594
2020-11-16,29950.44,979.27002,6687.0,13850.830078,43637.98,5494.87207,25906.929688,2543.030029,12766.33,13551.830078,1351.06,43.99,5471.47998,13138.610352,601.67,7986.200195,755.39,106430.0,16889.80078,40791.808594
2020-11-17,29783.35,978.380005,6697.8,13732.519531,43952.71,5529.939941,26014.619141,2539.149902,12806.3,13593.009766,1349.81,42.65,5483.0,13133.469727,600.94,7934.299805,755.15,107229.0,16948.09961,41948.789063
2020-11-18,29438.42,983.539978,6726.5,13658.200195,44180.05,5557.518066,25728.140625,2545.639893,12646.33,13773.290039,1364.59,43.58,5511.450195,13201.889648,600.88,7981.5,756.47,106483.0,16889.80078,42252.609375
2020-11-19,29483.23,973.390015,6742.7,13777.450195,43599.96,5594.059082,25634.339844,2547.419922,12536.34,13722.429688,1369.42,45.53,5474.660156,13086.160156,596.01,7930.200195,754.09,106517.0,16909.80078,41868.820313
2020-11-20,29263.48,979.090027,6739.9,13852.419922,43882.25,5571.655762,25527.369141,2553.5,12441.81,13716.44043,1389.34,45.62,5495.890137,13137.25,601.62,7977.899902,758.04,106517.0,17019.09961,41905.058594
2020-11-21,29263.48,979.090027,6739.9,13852.419922,43882.25,5571.655762,25527.369141,2553.5,12441.81,13716.44043,1389.34,45.62,5495.890137,13137.25,601.62,7977.899902,758.04,106517.0,17019.09961,41905.058594
2020-11-22,29263.48,979.090027,6739.9,13852.419922,43882.25,5571.655762,25527.369141,2553.5,12491.91,13716.44043,1389.34,45.62,5495.890137,13137.25,601.62,7977.899902,758.04,106517.0,17019.09961,41905.058594
2020-11-23,29591.27,990.450012,6772.0,13955.280273,44077.15,5652.76416,25527.369141,2602.590088,12541.27,13878.009766,1420.43,46.26,5492.149902,13126.969727,601.37,7981.200195,755.75,107379.0,17094.5,42267.199219
2020-11-24,30046.24,1009.400024,6855.5,13902.540039,44523.02,5701.028809,26165.589844,2617.76001,12681.02,13807.129883,1401.63,48.03,5558.419922,13292.44043,607.46,8143.200195,758.28,109786.0,17274.30078,42736.480469
2020-11-25,29872.47,1006.72998,6888.2,13656.089844,43828.1,5679.24707,26296.859375,2601.540039,12672.41,13738.830078,1415.72,46.8,5571.290039,13289.799805,606.39,8164.700195,756.24,110133.0,17313.09961,42200.589844
2020-11-26,29872.47,1006.880005,6848.8,13599.990234,44259.74,5759.916016,26537.310547,2625.909912,12619.62,13845.660156,1433.56,47.89,5566.790039,13286.570313,607.39,8104.600098,757.97,110227.0,17351.30078,42412.46875
2020-11-27,29910.37,1017.369995,6816.8,13690.879883,44149.72,5783.334961,26644.710938,2633.449951,12639.83,13867.089844,1437.78,48.07,5598.180176,13335.679688,611.67,8190.700195,762.42,110575.0,17396.59961,41674.300781
2020-11-28,29910.37,1017.369995,6816.8,13690.879883,44149.72,5783.334961,26644.710938,2633.449951,12639.83,13867.089844,1437.78,48.07,5598.180176,13335.679688,611.67,8190.700195,762.42,110575.0,17396.59961,41674.300781
2020-11-29,29910.37,1017.369995,6816.8,13690.879883,44149.72,5783.334961,26644.710938,2633.449951,12708.18,13867.089844,1437.78,48.07,5598.180176,13335.679688,611.67,8190.700195,762.42,110575.0,17396.59961,41674.300781
2020-11-30,29638.64,999.880005,6742.1,13670.110352,44149.72,5612.415039,26433.619141,2591.340088,12768.52,13722.889648,1408.31,50.7,5518.549805,13291.160156,606.02,8076.899902,759.74,108888.0,17190.30078,41778.871094
2020-12-01,29823.92,1004.919983,6812.2,13930.370117,44655.44,5724.742188,26787.539063,2634.25,12791.31,13885.669922,1420.87,54.83,5581.640137,13382.299805,611.41,8140.799805,760.81,111335.0,17296.90039,42895.628906
2020-12-02,29883.79,998.119995,6811.3,13961.580078,44618.04,5813.986816,26800.980469,2675.899902,12762.55,13989.139648,1417.95,51.29,5583.009766,13313.240234,610.94,8220.799805,759.94,111814.0,17358.19922,43674.828125
2020-12-03,29969.52,997.48999,6847.3,13970.679688,44632.65,5822.941895,26809.369141,2696.219971,12683.82,13977.089844,1438.32,51.11,5574.359863,13252.860352,610.48,8200.700195,758.4,112919.0,17398.0,43934.210938
2020-12-04,30218.26,1009.369995,6865.3,14026.660156,45079.55,5810.48291,26751.240234,2731.449951,12631.38,14132.44043,1449.83,52.7,5609.149902,13298.959961,615.67,8322.900391,758.28,113682.0,17521.0,43646.03125
2020-12-05,30218.26,1009.369995,6865.3,14026.660156,45079.55,5810.48291,26751.240234,2731.449951,12631.38,14132.44043,1449.83,52.7,5609.149902,13298.959961,615.67,8322.900391,758.28,113682.0,17521.0,43646.03125
2020-12-06,30218.26,1009.369995,6865.3,14026.660156,45079.55,5810.48291,26751.240234,2731.449951,12739.07,14132.44043,1449.83,52.7,5609.149902,13298.959961,615.67,8322.900391,758.28,113682.0,17521.0,43646.03125
2020-12-07,30069.79,1005.75,6908.9,13973.480469,45426.97,5930.758789,26547.439453,2745.439941,12700.85,14256.599609,1449.83,55.4,5573.379883,13271.0,616.2,8275.599609,756.75,113625.0,17582.40039,43255.25
2020-12-08,30173.88,1006.26001,6922.2,13973.889648,45608.51,5944.40918,26467.080078,2700.929932,12836.83,14360.400391,1478.92,54.95,5560.669922,13278.490234,616.59,8227.599609,764.42,113571.0,17639.0,43098.640625
2020-12-09,30068.81,1017.789978,6965.4,13716.530273,46103.5,5944.40918,26817.939453,2755.469971,12865.3,14390.139648,1482.67,57.2,5546.819824,13340.259766,619.72,8235.299805,764.35,112722.0,17559.90039,42736.960938
2020-12-10,29999.26,1017.909973,6917.1,13731.339844,45959.88,5933.698242,26756.240234,2746.459961,12895.71,14249.490234,1482.67,56.05,5549.649902,13295.730469,618.1,8182.299805,759.37,114992.0,17593.30078,43518.710938
2020-12-11,30046.37,1013.280029,6886.4,13555.139648,46099.01,5938.329102,26652.519531,2770.060059,12919.25,14261.69043,1482.67,56.7,5507.549805,13114.299805,614.46,8063.100098,756.67,115323.0,17548.90039,43612.308594
2020-12-12,30046.37,1013.280029,6886.4,13555.139648,46099.01,5938.329102,26652.519531,2770.060059,12919.25,14261.69043,1482.67,56.7,5507.549805,13114.299805,614.46,8063.100098,756.67,115323.0,17548.90039,43612.308594
2020-12-13,30046.37,1013.280029,6886.4,13555.139648,46099.01,5938.329102,26652.519531,2770.060059,12920.13,14261.69043,1482.67,56.7,5507.549805,13114.299805,614.46,8063.100098,756.67,115323.0,17548.90039,43612.308594
2020-12-14,29861.55,1012.429993,6900.3,13692.129883,46253.46,6012.516113,26732.439453,2762.199951,12864.5,14211.049805,1476.13,56.8,5527.839844,13223.160156,612.88,8140.799805,759.73,114975.0,17387.40039,43569.839844
2020-12-15,30199.31,1011.549988,6866.7,13763.30957,46263.17,6010.12793,26687.839844,2756.820068,12801.27,14068.519531,1477.21,52.85,5530.310059,13362.870117,617.34,8152.399902,759.76,116146.0,17506.5,43543.351563
2020-12-16,30154.54,1016.390015,6916.7,13751.089844,46666.46,6118.401855,26757.400391,2771.790039,12838.61,14304.459961,1482.09,52.05,5547.680176,13565.980469,621.86,8139.5,761.58,117947.0,17567.40039,43790.421875
2020-12-17,30303.37,1018.210022,7000.1,13889.870117,46890.34,6113.381836,26806.669922,2770.429932,12935.21,14258.929688,1483.89,51.0,5549.459961,13667.25,624.75,8153.399902,761.97,118157.0,17652.90039,44326.050781
2020-12-18,30179.05,1026.72998,6924.1,13854.120117,46960.69,6104.324219,26763.390625,2772.179932,12682.0,14249.959961,1482.38,48.7,5527.839844,13630.509766,625.25,8037.399902,762.58,117679.0,17534.59961,43873.808594
2020-12-19,30179.05,1026.72998,6924.1,13854.120117,46960.69,6104.324219,26763.390625,2772.179932,12682.0,14249.959961,1482.38,48.7,5527.839844,13630.509766,625.25,8037.399902,762.58,117679.0,17534.59961,43873.808594
2020-12-20,30179.05,1026.72998,6924.1,13854.120117,46960.69,6104.324219,26763.390625,2772.179932,12644.95,14249.959961,1482.38,48.7,5527.839844,13630.509766,625.25,8037.399902,762.58,117679.0,17534.59961,43873.808594
2020-12-21,30216.45,1001.140015,6920.0,14134.849609,45553.96,6165.624023,26714.419922,2778.649902,12675.24,14384.959961,1401.78,48.94,5393.339844,13246.299805,609.39,7789.799805,748.53,116016.0,17500.90039,43246.238281
2020-12-22,30015.51,1012.23999,6845.5,13882.299805,46006.69,6023.289063,26436.390625,2733.679932,12876.43,14177.459961,1424.39,51.8,5466.859863,13418.110352,617.5,7934.200195,755.95,116348.0,17552.5,42601.710938
2020-12-23,30129.83,1026.829956,6892.6,14015.019531,46444.18,6008.708984,26524.789063,2759.820068,13070.73,14223.089844,1416.02,51.15,5527.589844,13587.230469,622.42,8073.600098,760.34,117857.0,17593.59961,43597.300781
2020-12-24,30199.87,1026.829956,6917.5,13915.570313,46973.54,6008.708984,26668.349609,2806.860107,13037.94,14280.280273,1451.52,51.15,5522.009766,13587.230469,626.37,8111.5,760.34,117857.0,17623.90039,43372.199219
2020-12-25,30199.87,1026.829956,6917.5,14017.05957,46973.54,6008.708984,26656.609375,2806.860107,13037.94,14331.419922,1486.31,51.15,5522.009766,13587.230469,626.37,8111.5,760.34,117857.0,17623.90039,43372.199219
2020-12-26,30199.87,1026.829956,6917.5,14017.05957,46973.54,6008.708984,26656.609375,2806.860107,13037.94,14331.419922,1486.31,51.15,5522.009766,13587.230469,626.37,8111.5,760.34,117857.0,17623.90039,43372.199219
2020-12-27,30199.87,1026.829956,6917.5,14017.05957,46973.54,6008.708984,26656.609375,2806.860107,13037.94,14331.419922,1486.31,51.15,5522.009766,13587.230469,626.37,8111.5,760.34,117857.0,17623.90039,43372.199219
2020-12-28,30403.97,1040.459961,6917.5,14044.099609,47353.75,6093.554199,26854.029297,2808.600098,13093.07,14483.070313,1452.67,51.9,5588.379883,13790.290039,627.59,8155.600098,768.63,119051.0,17623.90039,43883.410156
2020-12-29,30335.67,1043.939941,6962.1,13970.209961,47613.08,6036.173828,27568.150391,2820.51001,13236.4,14472.049805,1461.95,51.85,5611.790039,13761.379883,629.14,8174.799805,774.15,119475.0,17543.40039,44693.988281
2020-12-30,30409.56,1047.589966,6942.9,14201.570313,47746.22,5979.073242,27444.169922,2873.469971,13236.54,14687.700195,1449.35,54.7,5599.410156,13718.780273,628.06,8154.399902,768.38,119306.0,17545.80078,44693.960938
2020-12-31,30606.48,1047.589966,6850.6,14470.679688,47751.33,5979.073242,27444.169922,2873.469971,13091.64,14732.530273,1449.35,54.7,5551.410156,13718.780273,624.61,8073.700195,768.38,119306.0,17433.40039,44066.878906
